,assistsPG,blocksPG,defensiveReboundsPG,fgAttemptedPG,fgPCT,foulsPG,ftAttemptedPG,ftMadePG,ftPCT,games,gamesStarted,minutes,minutesPG,offensiveReboundsPG,points,pointsPG,reboundsPG,stealsPG,threesMadePG,threesPCT,turnoversPG,location
扬尼斯-阿德托昆博,5.6,1.0,11.4,19.651,0.6,3.1,9.984,1.413,0.633,63,63,1917,30.4,2.2,1857,29.5,13.6,1.0,1.413,0.304,3.7,前锋
卢卡-多西奇,8.8,0.2,8.1,20.574,0.5,2.5,9.213,2.803,0.758,61,61,2047,33.6,1.3,1759,28.8,9.4,1.0,2.803,0.316,4.3,前锋
科怀-莱昂纳德,4.9,0.6,6.1,19.877,0.5,2.0,7.053,2.158,0.8859999999999999,57,57,1848,32.4,0.9,1543,27.1,7.1,1.8,2.158,0.378,2.6,前锋
卡尔-安东尼-唐斯,4.4,1.2,8.1,17.771,0.5,3.3,6.457000000000002,3.257,0.7959999999999999,35,35,1187,33.9,2.7,926,26.5,10.8,0.9,3.257,0.412,3.1,前锋
安东尼-戴维斯,3.2,2.3,7.0,17.677,0.5,2.5,8.468,1.161,0.846,62,62,2131,34.4,2.3,1618,26.1,9.3,1.5,1.161,0.33,2.5,前锋
扎克-拉文,4.2,0.5,4.1,19.983,0.4,2.2,5.567,3.067,0.802,60,60,2085,34.8,0.7,1530,25.5,4.8,1.5,3.067,0.38,3.4,前锋
勒布朗-詹姆斯,10.2,0.5,6.9,19.448,0.5,1.8,5.687,2.209,0.693,67,67,2316,34.6,1.0,1698,25.3,7.8,1.2,2.209,0.348,3.9,前锋
布兰登-英格拉姆,4.2,0.6,5.3,17.677,0.5,2.9,5.935,2.419,0.851,62,62,2103,33.9,0.8,1477,23.8,6.1,1.0,2.419,0.391,3.0,前锋
杰森-塔图姆,3.0,0.9,6.0,18.576,0.4,2.1,4.742,2.864,0.812,66,66,2265,34.3,1.0,1547,23.4,7.0,1.4,2.864,0.403,2.3,前锋
乔尔-恩比德,3.0,1.3,8.9,15.706,0.5,3.4,8.529,1.118,0.807,51,51,1506,29.5,2.8,1172,23.0,11.6,0.9,1.118,0.331,3.1,前锋
帕斯卡尔-西亚卡姆,3.5,0.9,6.3,18.4,0.5,2.8,5.05,2.1830000000000003,0.792,60,60,2110,35.2,1.1,1371,22.9,7.3,1.0,2.1830000000000003,0.359,2.5,前锋
Zion Williamson,2.1,0.4,3.6,15.0,0.6,1.8,7.417000000000002,0.25,0.64,24,24,668,27.8,2.7,540,22.5,6.3,0.7,0.25,0.429,2.5,前锋
安德鲁-维金斯,3.7,0.9,4.1,18.81,0.4,2.4,4.9289999999999985,2.167,0.72,42,42,1455,34.6,1.1,942,22.4,5.2,0.7,2.167,0.331,2.5,前锋
德玛尔-德罗赞,5.6,0.3,4.9,15.425999999999998,0.5,2.6,6.6320000000000014,0.132,0.845,68,68,2316,34.1,0.6,1504,22.1,5.5,1.0,0.132,0.257,2.4,前锋
约翰-科林斯,1.5,1.6,7.3,14.755999999999998,0.6,3.4,3.659,1.439,0.8,41,41,1363,33.2,2.8,885,21.6,10.1,0.8,1.439,0.401,1.8,前锋
保罗-乔治,3.9,0.4,5.2,16.292,0.4,2.4,4.521,3.2710000000000004,0.8759999999999999,48,48,1419,29.6,0.5,1033,21.5,5.7,1.4,3.2710000000000004,0.412,2.6,前锋
克里斯-米德尔顿,4.3,0.1,5.5,15.274,0.5,2.3,3.661,2.371,0.916,62,59,1853,29.9,0.7,1297,20.9,6.2,0.9,2.371,0.415,2.2,前锋
克里斯塔普斯-波尔津吉斯,1.8,2.0,7.7,16.351,0.4,3.2,4.965,2.491,0.799,57,57,1814,31.8,1.8,1164,20.4,9.5,0.7,2.491,0.35200000000000004,1.6,前锋
杰伦-布朗,2.1,0.4,5.3,15.561,0.5,2.9,4.263,2.263,0.7240000000000001,57,57,1934,33.9,1.1,1159,20.3,6.4,1.1,2.263,0.382,2.2,前锋
博扬-博格达诺维奇,2.1,0.1,3.5,14.841,0.4,1.7,4.397,3.0,0.903,63,63,2083,33.1,0.6,1275,20.2,4.1,0.5,3.0,0.414,2.5,前锋
吉米-巴特勒,6.0,0.6,4.8,13.069,0.5,1.4,9.052,0.5,0.8340000000000001,58,58,1959,33.8,1.8,1157,19.9,6.7,1.8,0.5,0.244,2.2,前锋
TJ-沃伦,1.5,0.5,3.2,14.880999999999998,0.5,2.8,3.045,1.358,0.8190000000000001,67,67,2202,32.9,1.0,1326,19.8,4.2,1.2,1.358,0.403,1.3,前锋
马库斯-莫里斯,1.4,0.4,4.3,14.791,0.4,3.0,4.605,2.698,0.823,43,43,1387,32.3,1.1,841,19.6,5.4,0.8,2.698,0.439,1.7,前锋
托拜亚斯-哈里斯,3.2,0.6,5.9,16.292,0.5,2.3,3.0,1.819,0.8059999999999999,72,72,2469,34.3,1.0,1411,19.6,6.9,0.7,1.819,0.3670000000000001,1.4,前锋
朱利叶斯-兰德尔,3.1,0.3,7.4,15.719,0.5,2.8,5.5,1.0,0.733,64,64,2080,32.5,2.4,1248,19.5,9.7,0.8,1.0,0.277,3.0,前锋
亚历山大,3.3,0.7,5.2,14.5,0.5,1.7,5.1,1.243,0.807,70,70,2428,34.7,0.7,1331,19.0,5.9,1.1,1.243,0.34700000000000003,1.9,前锋
拉马库斯-阿尔德里奇,2.4,1.6,5.5,14.962,0.5,2.4,3.604,1.151,0.8270000000000001,53,53,1754,33.1,1.9,1001,18.9,7.4,0.7,1.151,0.389,1.4,前锋
凯利-乌布雷,1.5,0.7,5.3,14.75,0.5,3.4,4.393,1.929,0.78,56,55,1933,34.5,1.2,1046,18.7,6.4,1.3,1.929,0.35200000000000004,1.5,前锋
达尼罗-加里纳利,1.9,0.1,4.6,13.177,0.4,1.2,4.806,2.8710000000000004,0.893,62,62,1834,29.6,0.5,1160,18.7,5.2,0.7,2.8710000000000004,0.405,1.2,前锋
蒙特雷斯-哈雷尔,1.7,1.1,4.5,12.889,0.6,2.3,5.5710000000000015,0.0,0.6579999999999999,63,2,1749,27.8,2.6,1173,18.6,7.1,0.6,0.0,0.0,1.7,前锋
多曼塔斯-萨博尼斯,5.0,0.5,9.4,13.677,0.5,3.1,4.774,0.274,0.723,62,62,2159,34.8,3.0,1147,18.5,12.4,0.8,0.274,0.254,2.7,前锋
伊万-福尼耶,3.2,0.2,2.3,14.076,0.5,2.4,3.333,2.6210000000000004,0.818,66,66,2076,31.5,0.3,1221,18.5,2.6,1.1,2.6210000000000004,0.399,1.9,前锋
凯文-乐福,3.2,0.3,8.8,12.982,0.4,1.6,3.911,2.607,0.8540000000000001,56,56,1780,31.8,1.0,987,17.6,9.8,0.6,2.607,0.374,2.5,前锋
戈登-海沃德,4.1,0.4,5.6,13.462,0.5,1.8,2.7880000000000003,1.635,0.855,52,52,1740,33.5,1.1,909,17.5,6.7,0.7,1.635,0.383,1.8,前锋
贾伦-杰克逊,1.4,1.6,3.6,13.211,0.5,4.1,3.263,2.544,0.747,57,57,1622,28.5,1.0,990,17.4,4.6,0.7,2.544,0.394,1.7,前锋
本-西蒙斯,8.0,0.6,5.8,11.351,0.6,3.3,5.228,0.035,0.621,57,57,2017,35.4,2.0,937,16.4,7.8,2.1,0.035,0.28600000000000003,3.5,前锋
狄龙布鲁克斯,2.1,0.4,2.4,14.63,0.4,3.8,2.781,2.014,0.8079999999999999,73,73,2112,28.9,0.9,1181,16.2,3.3,0.9,2.014,0.358,1.7,前锋
巴姆-阿德巴约,5.1,1.3,7.8,10.972,0.6,2.5,5.306,0.028,0.691,72,72,2417,33.6,2.4,1146,15.9,10.2,1.1,0.028,0.14300000000000002,2.8,前锋
小蒂姆-哈达威,1.9,0.1,2.9,12.451,0.4,1.8,2.563,2.873,0.8190000000000001,71,58,2091,29.5,0.4,1121,15.8,3.3,0.6,2.873,0.398,1.0,前锋
布雷克-格里芬,3.3,0.4,3.7,13.889,0.4,1.5,5.444,1.5,0.7759999999999999,18,18,512,28.4,0.9,279,15.5,4.7,0.4,1.5,0.243,2.2,前锋
卡梅隆-安东尼,1.5,0.5,5.1,13.483,0.4,2.9,2.776,1.5,0.845,58,58,1902,32.8,1.2,895,15.4,6.3,0.8,1.5,0.385,1.7,前锋
赛尔吉-伊巴卡,1.4,0.8,6.1,12.182,0.5,2.8,2.255,1.273,0.718,55,27,1485,27.0,2.1,845,15.4,8.2,0.5,1.273,0.385,2.0,前锋
戴维斯-贝尔坦斯,1.7,0.6,3.9,11.296,0.4,2.6,2.259,3.704,0.852,54,4,1583,29.3,0.6,834,15.4,4.5,0.7,3.704,0.424,1.1,前锋
特伦斯-罗斯,1.2,0.3,3.0,12.261,0.4,1.6,2.667,2.565,0.853,69,0,1889,27.4,0.2,1016,14.7,3.2,1.1,2.565,0.35100000000000003,1.0,前锋
劳里-马尔卡宁,1.5,0.5,5.1,11.82,0.4,1.9,3.06,2.18,0.8240000000000001,50,50,1492,29.8,1.2,737,14.7,6.3,0.8,2.18,0.344,1.6,前锋
乔-哈里斯,2.1,0.2,3.4,11.362,0.5,2.3,1.29,2.4930000000000003,0.7190000000000001,69,69,2123,30.8,0.9,998,14.5,4.3,0.6,2.4930000000000003,0.424,1.5,前锋
哈里森-巴恩斯,2.2,0.2,3.9,11.014,0.5,1.3,3.708,1.4169999999999998,0.8009999999999999,72,72,2482,34.5,1.1,1046,14.5,4.9,0.6,1.4169999999999998,0.381,1.2,前锋
阿隆-戈登,3.7,0.6,5.9,12.371,0.4,2.0,3.613,1.177,0.674,62,62,2017,32.5,1.7,894,14.4,7.7,0.8,1.177,0.308,1.6,前锋
RJ Barrett,2.6,0.3,4.1,12.982,0.4,2.2,4.5360000000000005,1.125,0.614,56,55,1704,30.4,0.9,803,14.3,5.0,1.0,1.125,0.32,2.2,前锋
马文-巴格利三世,0.8,0.9,5.2,12.845999999999998,0.5,3.3,2.385,0.308,0.8059999999999999,13,6,334,25.7,2.2,185,14.2,7.5,0.5,0.308,0.182,1.4,前锋
Eric Paschall,2.1,0.2,3.2,10.667,0.5,2.1,3.533,0.617,0.774,60,26,1654,27.6,1.4,837,14.0,4.6,0.5,0.617,0.287,1.6,前锋
贾巴里-帕克,1.8,0.4,4.0,11.289,0.5,2.6,2.132,0.8420000000000001,0.753,38,23,918,24.2,1.6,531,14.0,5.6,1.2,0.8420000000000001,0.269,1.7,前锋
Rui Hachimura,1.8,0.2,4.5,11.354,0.5,2.2,2.917,0.521,0.8290000000000001,48,48,1444,30.1,1.6,649,13.5,6.1,0.8,0.521,0.287,1.1,前锋
邓肯-鲁滨逊,1.4,0.3,3.0,9.411,0.5,2.6,0.986,3.699,0.931,73,68,2166,29.7,0.1,983,13.5,3.2,0.5,3.699,0.446,1.0,前锋
托马斯-布莱恩特,1.8,1.1,5.1,9.087,0.6,2.2,2.522,0.804,0.741,46,36,1147,24.9,2.1,609,13.2,7.2,0.5,0.804,0.407,1.2,前锋
克里斯蒂安-伍德,1.0,0.9,4.6,8.193999999999999,0.6,1.6,3.903,0.871,0.7440000000000001,62,12,1325,21.4,1.7,810,13.1,6.3,0.5,0.871,0.386,1.4,前锋
迈尔斯-布里奇斯,1.8,0.7,4.2,11.585,0.4,2.0,2.015,1.523,0.809,65,64,1996,30.7,1.4,843,13.0,5.6,0.6,1.523,0.33,1.5,前锋
凯尔-库兹马,1.3,0.4,3.6,10.951,0.4,2.1,2.541,1.41,0.735,61,9,1526,25.0,0.9,782,12.8,4.5,0.5,1.41,0.316,1.5,前锋
罗伯特-科温顿,1.2,0.9,5.2,10.333,0.4,3.1,1.958,2.25,0.7979999999999999,48,47,1411,29.4,0.8,615,12.8,6.0,1.7,2.25,0.34600000000000003,1.5,前锋
达迈·李,2.7,0.1,4.2,10.429,0.4,2.4,2.571,1.735,0.873,49,36,1423,29.0,0.7,621,12.7,4.9,1.0,1.735,0.35600000000000004,1.4,前锋
杰里米-兰姆,2.1,0.5,3.8,10.413,0.5,2.3,2.391,1.152,0.836,46,42,1291,28.1,0.5,577,12.5,4.3,1.2,1.152,0.335,1.1,前锋
DeAndre Hunter,1.8,0.3,3.8,10.841,0.4,2.9,2.286,1.714,0.764,63,62,2018,32.0,0.7,778,12.3,4.5,0.7,1.714,0.355,1.6,前锋
里乔恩-霍姆斯,1.0,1.3,5.3,7.818,0.6,3.8,2.682,0.0,0.7879999999999999,44,38,1242,28.2,2.9,539,12.3,8.1,0.9,0.0,0.0,1.2,前锋
P.J. Washington,2.1,0.8,4.4,10.155,0.5,2.7,2.345,1.483,0.647,58,57,1759,30.3,1.0,710,12.2,5.4,0.9,1.483,0.374,1.6,前锋
凯文-赫尔特,3.8,0.5,3.4,10.893,0.4,2.5,1.143,2.268,0.828,56,48,1760,31.4,0.6,684,12.2,4.1,0.9,2.268,0.38,1.6,前锋
Brandon Clarke,1.4,0.8,4.4,8.259,0.6,1.7,1.931,0.397,0.759,58,4,1300,22.4,1.6,700,12.1,5.9,0.6,0.397,0.359,0.9,前锋
迈尔斯-特纳,1.2,2.1,5.2,9.468,0.5,2.7,2.7260000000000004,1.3869999999999998,0.7509999999999999,62,62,1826,29.5,1.4,749,12.1,6.6,0.7,1.3869999999999998,0.344,1.4,前锋
托里恩-普林斯,1.8,0.4,5.2,11.547,0.4,2.5,1.391,2.281,0.7979999999999999,64,61,1857,29.0,0.8,773,12.1,6.0,0.9,2.281,0.339,2.0,前锋
杰拉米-格兰特,1.2,0.8,2.7,8.93,0.5,2.2,2.761,1.38,0.75,71,24,1892,26.6,0.8,851,12.0,3.5,0.7,1.38,0.389,0.9,前锋
特里斯坦-汤普森,2.1,0.9,6.2,9.86,0.5,2.2,2.825,0.158,0.615,57,51,1722,30.2,4.0,684,12.0,10.1,0.6,0.158,0.391,1.8,前锋
乔纳森-艾萨克,1.4,2.3,5.1,9.765,0.5,2.4,2.265,0.941,0.779,34,32,980,28.8,1.7,404,11.9,6.8,1.6,0.941,0.34,1.4,前锋
艾尔-霍福德,4.0,0.9,5.3,10.582,0.4,2.1,1.194,1.4780000000000002,0.763,67,61,2026,30.2,1.5,798,11.9,6.8,0.8,1.4780000000000002,0.35,1.2,前锋
奥托-波特,1.8,0.4,2.5,10.0,0.4,2.2,1.929,1.714,0.7040000000000001,14,9,331,23.6,0.9,167,11.9,3.4,1.1,1.714,0.387,0.8,前锋
格伦-罗宾逊,1.5,0.3,3.0,9.548,0.5,1.6,1.3869999999999998,1.242,0.86,62,52,1786,28.8,1.3,727,11.7,4.4,0.9,1.242,0.391,0.9,前锋
保罗-米尔萨普,1.6,0.6,3.8,8.588,0.5,2.9,2.765,1.0590000000000002,0.816,51,48,1240,24.3,1.9,591,11.6,5.7,0.9,1.0590000000000002,0.435,1.4,前锋
阿隆-贝恩斯,1.6,0.5,4.0,9.071,0.5,3.4,1.786,1.405,0.747,42,28,934,22.2,1.7,481,11.5,5.6,0.2,1.405,0.35100000000000003,1.2,前锋
内马尼亚-别利察,2.8,0.6,4.8,9.069,0.5,3.0,1.167,1.861,0.821,72,67,2011,27.9,1.5,831,11.5,6.4,0.9,1.861,0.419,1.4,前锋
贾斯蒂斯-温斯洛,4.0,0.5,5.2,11.727,0.4,3.5,2.455,0.545,0.667,11,5,352,32.0,1.5,124,11.3,6.6,0.6,0.545,0.222,2.2,前锋
温德尔-卡特,1.2,0.8,6.2,7.977,0.5,3.8,3.535,0.14,0.737,43,43,1256,29.2,3.2,484,11.3,9.4,0.8,0.14,0.207,1.7,前锋
科迪-泽勒,1.5,0.4,4.3,8.259,0.5,2.4,3.0860000000000003,0.31,0.682,58,39,1341,23.1,2.8,642,11.1,7.1,0.7,0.31,0.24,1.3,前锋
切迪-奥斯曼,2.4,0.2,3.0,9.369,0.4,2.5,1.446,1.892,0.67,65,65,1910,29.4,0.6,718,11.0,3.6,0.8,1.892,0.383,1.4,前锋
罗德尼-胡德,1.5,0.2,3.0,8.19,0.5,2.2,1.286,1.6669999999999998,0.778,21,21,619,29.5,0.5,230,11.0,3.4,0.8,1.6669999999999998,0.493,0.9,前锋
鲁迪-盖伊,1.7,0.5,4.5,8.896,0.4,1.5,2.03,1.104,0.882,67,5,1461,21.8,0.9,726,10.8,5.4,0.5,1.104,0.336,1.3,前锋
达里奥-萨里奇,1.9,0.2,4.6,8.152000000000001,0.5,2.4,1.939,1.273,0.8440000000000001,66,51,1632,24.7,1.5,704,10.7,6.2,0.6,1.273,0.35700000000000004,1.3,前锋
OG-阿奴诺比,1.6,0.7,4.1,8.203,0.5,2.4,1.4780000000000002,1.29,0.706,69,68,2066,29.9,1.2,733,10.6,5.3,1.4,1.29,0.39,1.1,前锋
Cameron Reddish,1.5,0.5,3.1,9.552,0.4,2.3,2.172,1.431,0.802,58,34,1551,26.7,0.6,610,10.5,3.7,1.1,1.431,0.332,1.7,前锋
丹纽尔-豪斯,1.3,0.5,3.3,8.556000000000001,0.4,2.1,1.429,2.048,0.8109999999999999,63,52,1913,30.4,0.9,662,10.5,4.2,1.1,2.048,0.363,0.9,前锋
特洛伊-布朗,2.6,0.1,4.4,9.014,0.4,1.9,2.014,0.884,0.784,69,22,1782,25.8,1.1,716,10.4,5.6,1.2,0.884,0.341,1.1,前锋
赛迪斯-杨,1.8,0.4,3.5,9.391,0.4,2.1,1.125,1.234,0.583,64,16,1591,24.9,1.5,659,10.3,4.9,1.4,1.234,0.35600000000000004,1.6,前锋
加雷特-坦普尔,2.5,0.5,3.0,9.468,0.4,1.7,1.403,2.048,0.805,62,35,1730,27.9,0.5,641,10.3,3.5,0.8,2.048,0.329,1.0,前锋
道格-迈克德莫特,1.1,0.1,2.1,7.928,0.5,1.7,0.841,1.855,0.828,69,0,1372,19.9,0.4,710,10.3,2.5,0.2,1.855,0.435,0.6,前锋
小拉里-南斯,2.2,0.4,5.4,7.6960000000000015,0.5,1.6,1.321,1.0,0.6759999999999999,56,10,1472,26.3,1.9,564,10.1,7.3,1.0,1.0,0.35200000000000004,1.1,前锋
鲍比-波蒂斯,1.5,0.3,3.9,8.924,0.4,1.7,1.409,1.015,0.763,66,5,1394,21.1,1.2,668,10.1,5.1,0.5,1.015,0.358,1.1,前锋
Kevin Porter Jr.,2.2,0.3,2.8,8.42,0.4,2.7,2.02,1.06,0.723,50,3,1162,23.2,0.4,498,10.0,3.2,0.9,1.06,0.335,1.9,前锋
贾伊-克劳德,2.8,0.3,5.3,8.867,0.4,1.9,2.111,1.733,0.789,45,45,1322,29.4,0.9,447,9.9,6.2,1.0,1.733,0.293,1.2,前锋
乔-因戈尔斯,5.2,0.2,3.5,7.681,0.4,2.1,1.306,1.958,0.787,72,45,2137,29.7,0.4,707,9.8,3.9,0.9,1.958,0.399,2.0,前锋
福尔康-科尔克马兹,1.1,0.2,2.1,7.819,0.4,1.4,1.4169999999999998,1.986,0.755,72,12,1559,21.7,0.3,704,9.8,2.3,0.6,1.986,0.402,0.8,前锋
米切尔-鲁滨逊,0.6,2.0,4.0,5.59,0.7,3.2,2.426,0.0,0.568,61,7,1412,23.1,3.0,590,9.7,7.0,0.9,0.0,0.0,0.6,前锋
马基夫-莫里斯,1.3,0.3,3.1,7.897,0.4,2.3,1.466,1.517,0.7759999999999999,58,17,1188,20.5,0.7,560,9.7,3.8,0.5,1.517,0.386,1.3,前锋
弗兰克-卡明斯基,1.9,0.3,3.6,7.872000000000001,0.4,1.9,2.3080000000000003,1.051,0.6779999999999999,39,13,777,19.9,0.9,378,9.7,4.5,0.4,1.051,0.331,0.9,前锋
多利安-芬尼-史密斯,1.6,0.5,3.7,7.352,0.5,2.5,1.521,1.606,0.722,71,68,2120,29.9,2.0,678,9.5,5.7,0.6,1.606,0.376,1.0,前锋
德怀特-鲍威尔,1.5,0.6,3.8,5.725,0.6,2.6,2.775,0.25,0.667,40,37,1061,26.5,1.9,376,9.4,5.7,0.9,0.25,0.256,0.9,前锋
谢克-米尔顿,2.6,0.2,1.8,6.925,0.5,2.3,1.625,1.45,0.785,40,24,805,20.1,0.4,377,9.4,2.2,0.5,1.45,0.43,1.2,前锋
马基斯-克里斯,1.9,1.1,4.3,6.525,0.5,2.1,2.644,0.136,0.769,59,21,1196,20.3,1.9,548,9.3,6.2,0.7,0.136,0.205,1.3,前锋
Michael Porter Jr.,0.8,0.5,3.5,6.964,0.5,1.8,1.3090000000000002,1.127,0.833,55,8,903,16.4,1.2,512,9.3,4.7,0.5,1.127,0.422,0.9,前锋
Jarrett Culver,1.7,0.6,2.3,9.032,0.4,2.0,1.857,1.048,0.462,63,35,1506,23.9,1.1,580,9.2,3.4,0.9,1.048,0.299,1.3,前锋
丹尼尔-泰斯,1.7,1.3,4.4,6.5539999999999985,0.6,3.4,1.754,0.4920000000000001,0.763,65,64,1566,24.1,2.2,601,9.2,6.6,0.6,0.4920000000000001,0.333,0.8,前锋
马克西-克勒贝尔,1.2,1.1,3.7,6.9460000000000015,0.5,2.4,1.257,1.608,0.8490000000000001,74,21,1890,25.5,1.5,672,9.1,5.2,0.3,1.608,0.373,0.8,前锋
杰克-雷曼,0.7,0.4,1.7,7.782999999999999,0.5,2.0,1.391,1.043,0.75,23,2,505,22.0,0.7,210,9.1,2.5,0.7,1.043,0.333,1.0,前锋
Keldon Johnson,0.9,0.1,2.8,5.235,0.6,1.6,2.588,0.765,0.795,17,1,301,17.7,0.6,154,9.1,3.4,0.8,0.765,0.591,0.8,前锋
